healthAuthority_ID,partition,c_count,component_size,component_edges,budget,heuristic_K,gurobi_K,pre_optimization_short_pairs,pre_gurobi_short_pairs,post_gurobi_short_pairs,c_pairwise_connectivity,c_new_pairwise_connectivity,heuristic_approach,heuristic_time,gurobi_time,total_time,num_simplicials,m_status,m_obj,m_MIPGap,m_sol_count,m_runtime
0,0,0,2452,8620,490,0,490,28658.0,28658.0,3041.0,1.0,0.0030851346413056,HDA,0,26.605554819107056,26.605554819107056,818,2,3373.84511843713,1.984994568928892e-12,10,22.236670970916748
0,1,0,2567,15618,513,0,513,201905.0,201905.0,27175.0,1.0,0.9353860761865104,HDA,0,3626.8168470859528,3626.8168470859528,236,9,27833.67897500399,0.3913549552475739,3,3600.1023638248444
0,2,0,2532,11661,506,0,506,101964.0,101964.0,20964.0,1.0,0.8786403909668141,HDA,0,3612.8539350032806,3612.8539350032806,319,9,21390.830743752857,0.4711237631408615,6,3600.0559611320496
0,3,0,2516,9261,503,0,503,45282.0,45282.0,6465.0,1.0,0.6839099530981029,HDA,0,3605.7013442516327,3605.7013442516327,422,9,6736.567237501089,0.0303121261915483,10,3600.12034201622
0,4,0,2555,8664,511,0,511,36210.0,36210.0,5673.0,1.0,0.4096600199430445,HDA,0,3604.800432682037,3604.800432682037,466,9,5927.93216875088,0.0074014174791586,10,3600.042533874512
0,5,0,2553,9670,510,0,510,46833.0,46833.0,7127.0,1.0,0.6922939369663882,HDA,0,3606.306567430496,3606.306567430496,436,9,7409.142137501121,0.0509755315888964,10,3600.456135034561
0,6,0,2567,10461,513,0,513,54961.0,54961.0,9228.0,1.0,0.7221360338564553,HDA,0,3606.7016785144806,3606.7016785144806,422,9,9556.099362502116,0.2542816900886388,9,3600.0395889282227
0,7,0,2567,12272,513,0,513,105595.0,105595.0,24226.0,1.0,0.954799089939391,HDA,0,3613.0397322177887,3613.0397322177887,164,9,24649.54379375252,0.3875604876206854,5,3600.06336593628
0,8,0,2398,7996,479,0,479,53327.0,53327.0,10572.0,1.0,0.8212849823481881,HDA,0,3606.4025852680206,3606.4025852680206,434,9,10836.07841875207,0.3440452958571402,7,3600.036941051483
0,9,0,2557,9069,511,0,511,53399.0,53399.0,12339.0,1.0,0.934637326813366,HDA,0,3606.348644018173,3606.348644018173,250,9,12625.2851187519,0.188708693819923,8,3600.037920951844
0,10,0,2564,12093,512,0,512,87913.0,87913.0,20275.0,1.0,0.9738605140078106,HDA,0,3612.552973270416,3612.552973270416,188,9,20665.334443752163,0.3837300211487943,8,3600.0530960559845
0,11,0,2378,6576,475,0,475,30925.0,30925.0,5096.0,1.0,0.317866581793206,HDA,0,3604.173191785813,3604.173191785813,587,9,5318.166931250713,0.0660901280015784,10,3600.0286440849304
0,11,1,54,102,10,0,10,398.0,398.0,95.0,1.0,0.4915433403805497,HDA,0,0.0992517471313476,0.0992517471313476,13,2,98.23011249999996,0.0,4,0.0573248863220214
0,12,0,2567,11882,513,0,513,112073.0,112073.0,25026.0,1.0,0.9566962352574024,HDA,0,3614.921939373016,3614.921939373016,208,9,25460.188525002664,0.443975341973227,5,3600.059425830841
0,13,0,2550,16476,510,0,510,232588.0,232588.0,24910.0,1.0,0.937373664522209,HDA,0,3631.873326063156,3631.873326063156,273,9,25706.925362506307,0.5034691289809035,3,3600.125009059906
0,14,0,2529,10110,505,0,505,69776.0,69776.0,17449.0,1.0,0.9187710889982592,HDA,0,3606.568995475769,3606.568995475769,324,9,17771.007137501896,0.4362794980037721,5,3600.070422887802
0,15,0,2438,6344,487,0,487,22369.0,22369.0,3939.0,1.0,0.0078870796041477,HDA,0,945.0429680347444,945.0429680347444,657,2,4132.322967788847,0.0,10,941.7500398159028
0,16,0,2456,15137,491,0,491,64179.0,64179.0,6371.0,1.0,0.2166658893155682,HDA,0,3611.0338077545166,3611.0338077545166,591,9,7003.793518751693,0.1814871791344449,6,3600.049961805344
0,17,0,2447,11981,489,0,489,42152.0,42152.0,3103.0,1.0,0.0033467247558983,HDA,0,412.70543384552,412.70543384552,800,2,3605.55655625005,0.0,10,407.096225976944
0,18,0,2457,74868,491,0,491,302252.0,302252.0,2272.0,1.0,0.0024192441997416,HDA,0,282.6794095039368,282.6794095039368,1072,2,5779.213493754844,1.631537653329417e-11,10,177.6137819290161
0,19,0,2443,5781,488,0,488,17554.0,17554.0,3081.0,1.0,0.003276903302819,HDA,0,155.12125444412231,155.12125444412231,806,2,3261.912613921977,8.73162329995205e-05,10,152.2423861026764
0,20,0,2453,6415,490,0,490,19244.0,19244.0,3672.0,1.0,0.0049846731297609,HDA,0,292.1450207233429,292.1450207233429,700,2,3859.626837364721,9.062270968591363e-05,10,290.45217990875244
0,21,0,2448,6883,489,0,489,20650.0,20650.0,3959.0,1.0,0.0074525734659602,HDA,0,36.145859718322754,36.145859718322754,647,2,4159.686606250196,9.670813188424523e-05,10,33.012787103652954
0,22,0,2406,11419,481,0,481,108255.0,108255.0,25813.0,1.0,0.922967842967843,HDA,0,3613.168538570404,3613.168538570404,168,9,26229.66941250269,0.4050621794011722,4,3600.0593008995056
0,23,0,2451,7552,490,0,490,35511.0,35511.0,6842.0,1.0,0.3497346210284215,HDA,0,3604.5447261333466,3604.5447261333466,505,9,7076.0482812507935,0.1278756383909257,8,3600.0234508514404
0,24,0,2567,13660,513,0,513,148323.0,148323.0,26397.0,1.0,0.967165631694848,HDA,0,3618.866355180741,3618.866355180741,235,9,26932.23868750353,0.4621088207137361,3,3600.075875043869
0,25,0,2413,6387,482,0,482,30482.0,30482.0,4598.0,1.0,0.0651422254301913,HDA,0,3604.111430168152,3604.111430168152,643,9,4803.15431875067,0.0670515671082364,10,3600.0524020195007
0,26,0,2564,14649,512,0,512,187054.0,187054.0,18185.0,1.0,0.9642902287953482,HDA,0,3624.197536706925,3624.197536706925,196,9,18824.99966250413,0.2837426218563758,4,3600.0797979831696
0,27,0,2549,8877,509,0,509,51839.0,51839.0,10238.0,1.0,0.871181086461068,HDA,0,3606.0986456871033,3606.0986456871033,393,9,10523.34158750195,0.2199313704546639,9,3600.0317261219025
0,28,0,2563,13976,512,0,512,201797.0,201797.0,15578.0,1.0,0.941433447098976,HDA,0,3627.0477952957153,3627.0477952957153,280,9,16220.06094375795,0.3643095935634316,5,3600.097795009613
0,29,0,2565,13460,513,0,513,110107.0,110107.0,92084.0,1.0,0.9813837815111052,HDA,0,3621.70483994484,3621.70483994484,193,9,92211.486031257,0.9989516697115156,2,3606.937784910202
0,30,0,2447,10281,489,0,489,70249.0,70249.0,15239.0,1.0,0.7654740349589724,HDA,0,3608.001631259918,3608.001631259918,192,9,15555.751881252712,0.3300510994751467,8,3600.039108991623
0,31,0,2562,13558,512,0,512,150385.0,150385.0,27273.0,1.0,0.9404463807449202,HDA,0,3619.5177643299103,3619.5177643299103,210,9,27815.1710062532,0.4985999397682215,4,3600.073621034622
0,32,0,2456,7959,491,0,491,43211.0,43211.0,6914.0,1.0,0.5089400558656323,HDA,0,3605.380958080292,3605.380958080292,541,9,7174.181412501059,0.1400875757632114,9,3600.053509950638
0,33,0,2430,9508,486,0,486,57202.0,57202.0,8721.0,1.0,0.3246099218678849,HDA,0,3606.8689227104182,3606.8689227104182,493,9,9052.719650002276,0.286696973906308,9,3600.049058914185
0,34,0,2553,10517,510,0,510,100889.0,100889.0,12591.0,1.0,0.8366817632459419,HDA,0,3615.236525297165,3615.236525297165,287,9,13013.771881254515,0.2944672159381688,5,3600.051442861557
0,35,0,2545,14014,509,0,509,133363.0,133363.0,28827.0,1.0,0.9853197723531713,HDA,0,3617.118748188019,3617.118748188019,164,9,29338.93468125342,0.4677927581726824,7,3600.0658869743347
0,36,0,2449,6775,489,0,489,30527.0,30527.0,4349.0,1.0,0.0211176047754476,HDA,0,2137.900050640106,2137.900050640106,633,2,4562.659487500668,6.843529615586306e-05,10,2135.12752699852
0,37,0,2558,14763,511,0,511,149232.0,149232.0,34610.0,1.0,0.9527506338102488,HDA,0,3618.86861038208,3618.86861038208,88,9,35163.954349968975,0.4427911498703701,8,3600.0872988700867
0,38,0,2448,5728,489,0,489,17009.0,17009.0,3494.0,1.0,0.0052694121211078,HDA,0,31.386595010757446,31.386595010757446,698,2,3664.235525000022,1.831271613848617e-05,10,28.585180044174194
0,39,0,2556,11688,511,0,511,100303.0,100303.0,24838.0,1.0,0.9347609318704874,HDA,0,3612.565591573715,3612.565591573715,202,9,25241.98617500227,0.4990812994004254,6,3600.06201004982
0,40,0,2451,8270,490,0,490,30580.0,30580.0,3404.0,1.0,0.0044968726909427,HDA,0,48.12264251708984,48.12264251708984,775,2,3719.58505000004,1.006179626890252e-13,10,44.83812618255615
0,41,0,2422,6816,484,0,484,26641.0,26641.0,3652.0,1.0,0.0076379110185497,HDA,0,246.3922710418701,246.3922710418701,731,2,3893.092062500037,7.438535607527247e-05,10,242.5284731388092
0,42,0,2432,19478,486,0,486,73984.0,73984.0,2565.0,1.0,0.0027212897328116,HDA,0,48.33343172073364,48.33343172073364,931,2,3455.799431250091,1.1999883799767532e-05,10,32.4946391582489
0,43,0,2561,12111,512,0,512,114425.0,114425.0,23794.0,1.0,0.8995756314055637,HDA,0,3613.9390592575073,3613.9390592575073,187,9,24237.770181252723,0.4719168578719818,6,3600.0631699562077
0,44,0,2567,9535,513,0,513,66791.0,66791.0,13949.0,1.0,0.8283092972926314,HDA,0,3607.674264192581,3607.674264192581,238,9,14258.794425002594,0.3620300237174288,7,3600.035835981369
0,45,0,2553,15918,510,0,510,114409.0,114409.0,24399.0,1.0,0.8851360777562524,HDA,0,3615.353581190109,3615.353581190109,251,9,24944.514625003067,0.527880288670981,6,3600.0585041046143
0,46,0,2444,10008,488,0,488,54753.0,54753.0,8463.0,1.0,0.6194472774439197,HDA,0,3606.5485162734985,3606.5485162734985,513,9,8776.666168752188,0.2796393353356842,8,3600.033989906311
0,47,0,2562,15570,512,0,512,248275.0,248275.0,21939.0,1.0,0.9632644121463176,HDA,0,3633.6369123458862,3633.6369123458862,217,9,22725.720581255024,0.4256881752774301,5,3600.1812789440155
0,48,0,2449,5020,489,0,489,14988.0,14988.0,2756.0,1.0,0.0023304268108468,HDA,0,286.3889558315277,286.3889558315277,872,2,2907.055911788262,0.0,10,285.07384610176086
0,49,0,2559,12335,511,0,511,94460.0,94460.0,19227.0,1.0,0.908502725024426,HDA,0,3610.710577964783,3610.710577964783,234,9,19651.31496250235,0.4391818173725398,7,3600.0543320178986
0,50,0,2382,9580,476,0,476,65929.0,65929.0,14162.0,1.0,0.5651064603283457,HDA,0,3608.908287525177,3608.908287525177,247,9,14470.855043752528,0.3318154544869919,8,3600.0413839817047
0,51,0,2554,13003,510,0,510,120922.0,120922.0,27906.0,1.0,0.9517808410753918,HDA,0,3614.469221115112,3614.469221115112,138,9,28373.08039375281,0.4365659176407867,7,3600.0483360290527
0,52,0,2446,10812,489,0,489,82008.0,82008.0,17817.0,1.0,0.7422544836688182,HDA,0,3611.932207107544,3611.932207107544,212,9,18166.3297812518,0.4170871729102364,6,3600.034505844116
0,53,0,2566,12592,513,0,513,93311.0,93311.0,18657.0,1.0,0.9264415029021382,HDA,0,3610.487897634506,3610.487897634506,261,9,19087.583837502218,0.45545658151274,7,3600.047339916229
0,54,0,2439,7029,487,0,487,33213.0,33213.0,6320.0,1.0,0.61510228046147,HDA,0,3604.479240655899,3604.479240655899,462,9,6540.829925000813,0.0169440814853469,10,3600.195420980453
0,55,0,2567,14194,513,0,513,141092.0,141092.0,29261.0,1.0,0.9786893666427784,HDA,0,3618.310608148575,3618.310608148575,174,9,29786.534281253,0.4773292770247715,6,3600.087667942047
0,56,0,2422,6351,484,0,484,32725.0,32725.0,4361.0,1.0,0.0701157674166588,HDA,0,3604.406278848648,3604.406278848648,643,9,4558.580150000622,0.0290475269488912,10,3600.091781139374
0,57,0,2453,11866,490,0,490,98142.0,98142.0,21895.0,1.0,0.8323973115272708,HDA,0,3612.318165063858,3612.318165063858,286,9,22296.46335000215,0.4103913535186491,5,3600.064715862274
0,58,0,2476,17116,495,0,495,320202.0,320202.0,8294.0,1.0,0.8543624024189396,HDA,0,3643.7558765411377,3643.7558765411377,437,9,9241.951468767244,0.1510170983894475,3,3600.156636953354
0,59,0,2567,12730,513,0,513,124305.0,124305.0,26138.0,1.0,0.9662218018991373,HDA,0,3616.0372655391693,3616.0372655391693,198,9,26615.5844375032,0.4443111887086024,4,3600.0582568645477
0,60,0,2450,6697,490,0,490,31697.0,31697.0,4539.0,1.0,0.1821050931858195,HDA,0,3604.211035013199,3604.211035013199,625,9,4742.927756250691,0.027184094429936627,10,3600.0480279922485
0,61,0,2412,5521,482,0,482,16463.0,16463.0,3517.0,1.0,0.005048657389127497,HDA,0,20.18275809288025,20.18275809288025,676,2,3681.747500000021,0.0,10,18.702672004699707
0,62,0,2452,5832,490,0,490,17051.0,17051.0,3497.0,1.0,0.006206136896806795,HDA,0,24.59801411628723,24.59801411628723,700,2,3667.8201375000212,7.412866741710359e-05,10,21.8005051612854
0,63,0,2459,6142,491,0,491,18931.0,18931.0,3702.0,1.0,0.005715236359277675,HDA,0,28.950925827026367,28.950925827026367,664,2,3882.8268625000287,7.633354976733219e-05,10,27.28255605697632
0,64,0,2459,7147,491,0,491,22915.0,22915.0,4176.0,1.0,0.007396431361364961,HDA,0,515.937335729599,515.937335729599,615,2,4382.93651250044,9.73463811858847e-05,10,512.5858991146088
0,65,0,2447,7190,489,0,489,21033.0,21033.0,3935.0,1.0,0.0060493667998849626,HDA,0,950.0780532360077,950.0780532360077,625,2,4140.813206484509,8.857370825000324e-05,10,948.2357978820801
0,66,0,2420,6922,484,0,484,22133.0,22133.0,3570.0,1.0,0.005933008734277233,HDA,0,36.25490975379944,36.25490975379944,686,2,3772.3546312500266,9.876540287088525e-05,10,32.95921206474304
0,67,0,2454,7061,490,0,490,22571.0,22571.0,4100.0,1.0,0.012198171259958935,HDA,0,83.85097908973694,83.85097908973694,633,2,4306.045043750474,1.176459009927804e-13,10,81.84634494781494
0,68,0,2445,7598,489,0,489,26916.0,26916.0,4149.0,1.0,0.014760014435221942,HDA,0,1984.1061067581177,1984.1061067581177,661,2,4372.065850000565,9.863713176441169e-05,10,1980.372808933258
0,69,0,2452,8096,490,0,490,36772.0,36772.0,4962.0,1.0,0.22478285798348113,HDA,0,3604.764729499817,3604.764729499817,572,9,5202.518412500924,0.021401880271154878,10,3600.0739510059357
0,70,0,2451,14877,490,0,490,214135.0,214135.0,7873.0,1.0,0.5628937755622392,HDA,0,3629.818747282028,3629.818747282028,437,9,8534.22053126138,0.24131085686391193,6,3600.0960149765015
0,71,0,2444,7981,488,0,488,31702.0,31702.0,4935.0,1.0,0.19370132688978497,HDA,0,3602.8870372772217,3602.8870372772217,541,9,5171.539642440794,0.006873109700291951,10,3600.069666862488
0,72,0,2445,10640,489,0,489,53625.0,53625.0,7793.0,1.0,0.7970449636242868,HDA,0,3607.987171649933,3607.987171649933,412,9,8107.4724687515945,0.15147285814398817,10,3600.0346369743347
0,73,0,2444,9553,488,0,488,41298.0,41298.0,5773.0,1.0,0.5094493172035418,HDA,0,3605.219212770462,3605.219212770462,481,9,6047.572650001046,0.03201458645543062,10,3600.0887229442596
0,74,0,2453,10008,490,0,490,43719.0,43719.0,5888.0,1.0,0.3581362234986392,HDA,0,3605.592246055603,3605.592246055603,476,9,6173.877931251155,0.03261726386529215,10,3600.097857952118
0,75,0,2452,9772,490,0,490,43186.0,43186.0,6557.0,1.0,0.630485600712362,HDA,0,3605.863566160202,3605.863566160202,411,9,6838.835887501167,0.04317105214661046,10,3600.430361032486
0,76,0,2449,7958,489,0,489,27581.0,27581.0,4166.0,1.0,0.022610453063308018,HDA,0,978.0558652877808,978.0558652877808,593,2,4395.744362500595,9.802093491929465e-05,10,975.4673490524292
0,77,0,2457,8386,491,0,491,29442.0,29442.0,4439.0,1.0,0.009115264845891608,HDA,0,97.7646210193634,97.7646210193634,636,2,4683.716193750712,1.7301641383841928e-13,10,93.81246185302734
0,78,0,2457,9271,491,0,491,32604.0,32604.0,5018.0,1.0,0.024197619066108577,HDA,0,2390.0941400527954,2390.0941400527954,568,2,5285.36668125081,2.1640986237916322e-05,10,2385.838943004608
0,79,0,2452,8721,490,0,490,29111.0,29111.0,4478.0,1.0,0.018164087577277815,HDA,0,1003.7629272937775,1003.7629272937775,575,2,4729.018318155835,9.449979919005485e-05,10,999.8515901565552
0,80,0,2451,9053,490,0,490,30055.0,30055.0,4574.0,1.0,0.033026152837473594,HDA,0,1080.5717964172363,1080.5717964172363,601,2,4833.99731875073,8.405727618294609e-05,10,1077.8559889793396
0,81,0,2451,9589,490,0,490,35743.0,35743.0,4997.0,1.0,0.06429456025143357,HDA,0,3604.6436450481415,3604.6436450481415,590,9,5276.206331250896,0.0024849547973330977,10,3600.0882918834686
0,82,0,2446,9171,489,0,489,32176.0,32176.0,4646.0,1.0,0.028069757453972055,HDA,0,1765.4750125408173,1765.4750125408173,572,2,4909.736499237826,5.8330763119898455e-05,10,1761.2607309818268
0,83,0,2442,8446,488,0,488,31639.0,31639.0,4599.0,1.0,0.06412253987121092,HDA,0,1646.8952429294586,1646.8952429294586,580,2,4840.962168750781,9.426040287623325e-05,10,1642.7479197978973
0,84,0,2454,7737,490,0,490,25388.0,25388.0,4133.0,1.0,0.012299329863160941,HDA,0,75.44434714317322,75.44434714317322,604,2,4357.383779854122,7.084044836567931e-05,10,71.8821849822998
0,85,0,2455,8448,491,0,491,29300.0,29300.0,4677.0,1.0,0.03564881053045497,HDA,0,2121.251572370529,2121.251572370529,597,2,4926.424037500715,1.5544633045459689e-13,10,2117.275588989258
0,86,0,2432,8306,486,0,486,30557.0,30557.0,4517.0,1.0,0.036508083287318,HDA,0,3602.9082918167114,3602.9082918167114,608,9,4755.167910225872,0.0008988028945705014,10,3600.1013028621674
0,87,0,2459,8918,491,0,491,33222.0,33222.0,4858.0,1.0,0.06719768455945871,HDA,0,1610.5057487487793,1610.5057487487793,556,2,5117.4314437508365,9.451809294765644e-05,10,1606.1056377887726
0,88,0,2451,8457,490,0,490,26280.0,26280.0,4534.0,1.0,0.011855675467535305,HDA,0,281.1887731552124,281.1887731552124,563,2,4777.546812500634,1.3211577987658462e-13,10,277.5558249950409
0,89,0,2455,9354,491,0,491,33129.0,33129.0,5028.0,1.0,0.018688922251053865,HDA,0,1591.571941614151,1591.571941614151,554,2,5303.227706250848,2.58104988506317e-13,10,1587.196319103241
0,90,0,2457,8576,491,0,491,30338.0,30338.0,4780.0,1.0,0.03002596299949006,HDA,0,1726.7050755023956,1726.7050755023956,582,2,5024.819056250738,9.594380630093956e-05,10,1723.9786150455475
0,91,0,2449,8345,489,0,489,25976.0,25976.0,4380.0,1.0,0.010481190944984425,HDA,0,471.2866895198822,471.2866895198822,578,2,4622.11410625063,1.4010044165430897e-13,10,467.6777169704437
0,92,0,2441,5687,488,0,488,16220.0,16220.0,3420.0,1.0,0.0036744646739358534,HDA,0,304.54134035110474,304.54134035110474,730,2,3587.6475225808717,2.383341000728769e-05,10,301.7996461391449
0,93,0,2452,5115,490,0,490,14995.0,14995.0,3299.0,1.0,0.0035659685997231436,HDA,0,23.99007487297058,23.99007487297058,772,2,3452.0350937500216,5.038853713210506e-05,10,22.68770694732666
0,94,0,2561,11380,512,0,512,100974.0,100974.0,19428.0,1.0,0.8269234802037579,HDA,0,3612.5046503543854,3612.5046503543854,263,9,19828.451112501894,0.4853015309828606,6,3600.048033952713
0,95,0,2423,4511,484,0,484,12119.0,12119.0,2615.0,1.0,0.0021113518559618414,HDA,0,103.38624477386475,103.38624477386475,865,2,2748.8460000000186,8.118099271435578e-05,10,101.05157995223999
0,96,0,2539,22497,507,0,507,469519.0,469519.0,29460.0,1.0,0.7779016775414151,HDA,0,3661.7330141067505,3661.7330141067505,349,9,30813.523781257776,0.6057679870312386,4,3600.1705479621887
0,97,0,2421,6756,484,0,484,33864.0,33864.0,4352.0,1.0,0.04228923913182608,HDA,0,3603.1075603961945,3603.1075603961945,607,9,4569.168962500785,0.005323075783231561,10,3600.0277059078217
0,98,0,2442,5467,488,0,488,15477.0,15477.0,3506.0,1.0,0.003950566039911303,HDA,0,28.978153944015503,28.978153944015503,707,2,3666.2070562500217,1.9768955295487586e-05,10,27.586477994918823
0,99,0,2423,9313,484,0,484,35603.0,35603.0,5968.0,1.0,0.45772852177161955,HDA,0,3604.653882265091,3604.653882265091,464,9,6238.94685625088,0.01029045034363175,10,3600.040602207184
0,100,0,2452,8672,490,0,490,31888.0,31888.0,5166.0,1.0,0.30703717392310087,HDA,0,3604.324081659317,3604.324081659317,489,9,5421.793723522536,0.0006671971835880029,10,3600.06134390831
0,101,0,2565,16298,513,0,513,272338.0,272338.0,19463.0,1.0,0.9518786537827314,HDA,0,3637.037012577057,3637.037012577057,310,9,20231.431156251037,0.5608309496658909,3,3600.1080009937286
0,102,0,2447,7463,489,0,489,24725.0,24725.0,4396.0,1.0,0.02716630226060505,HDA,0,119.86575746536255,119.86575746536255,601,2,4611.801875000565,2.9744586990949396e-05,10,117.68647909164429
0,103,0,2451,9187,490,0,490,35183.0,35183.0,6170.0,1.0,0.3568046290418258,HDA,0,3604.5862255096436,3604.5862255096436,446,9,6437.022675000838,0.009757979655719331,10,3600.052763938904
0,104,0,2463,10381,492,0,492,44557.0,44557.0,6983.0,1.0,0.5199432378627149,HDA,0,3605.536607980728,3605.536607980728,426,9,7284.551325001134,0.017584451468349038,10,3600.063661813736
0,105,0,2448,10702,489,0,489,51138.0,51138.0,7057.0,1.0,0.7721717058744091,HDA,0,3607.994775056839,3607.994775056839,412,9,7377.156893281412,0.04124553051505648,10,3600.480942964554
0,106,0,2447,9411,489,0,489,37726.0,37726.0,5938.0,1.0,0.38295623525825684,HDA,0,3603.6821253299713,3603.6821253299713,457,9,6210.078581250895,0.011926416459440745,10,3600.0903890132904
0,107,0,2561,11064,512,0,512,87943.0,87943.0,13181.0,1.0,0.8242325715287946,HDA,0,3612.6721506118774,3612.6721506118774,264,9,13564.475200003797,0.410023098378552,6,3600.0585300922394
0,108,0,2567,13552,513,0,513,93776.0,93776.0,22683.0,1.0,0.9576424364847604,HDA,0,3610.410492181778,3610.410492181778,220,9,23122.692150002535,0.48335834702379704,7,3600.038138151169
0,109,0,2420,5449,484,0,484,16122.0,16122.0,3212.0,1.0,0.0034323146902428088,HDA,0,15.498213291168213,15.498213291168213,751,2,3374.9678062500216,9.654906914275595e-05,10,12.794898986816406
0,110,0,2453,8238,490,0,490,38829.0,38829.0,5835.0,1.0,0.3834817726305666,HDA,0,3604.90936088562,3604.90936088562,548,9,6082.160968750897,0.08186523240002258,8,3600.0228588581085
0,111,0,2435,4614,487,0,487,13179.0,13179.0,2834.0,1.0,0.002671935658397218,HDA,0,7.205454111099243,7.205454111099243,800,2,2973.054050000019,6.699485994486714e-14,10,6.066825866699219
0,112,0,2449,4650,489,0,489,13630.0,13630.0,2947.0,1.0,0.003149774458022106,HDA,0,7.570803165435791,7.570803165435791,838,2,3088.6744812500197,6.890391380082694e-14,10,6.392575979232788
0,113,0,2438,4944,487,0,487,14314.0,14314.0,3167.0,1.0,0.0035768639356542997,HDA,0,14.465783596038818,14.465783596038818,748,2,3313.29438125002,5.963852810199424e-05,10,11.922180891036987
0,114,0,2443,5332,488,0,488,15203.0,15203.0,3332.0,1.0,0.004426620454598999,HDA,0,45.85725116729736,45.85725116729736,744,2,3490.3190187500204,0.0,10,44.53698992729187
0,115,0,2383,5277,476,0,476,14082.0,14082.0,3138.0,1.0,0.0030384549990068073,HDA,0,202.11330652236938,202.11330652236938,747,2,3290.371318635146,2.4232238938853066e-05,10,199.57740020751953
0,116,0,2567,33030,513,0,513,688439.0,688439.0,57967.0,1.0,0.7851857613552448,HDA,0,3700.1775245666504,3700.1775245666504,461,9,59966.26285608819,0.771846057579947,4,3600.3357360363007
0,117,0,2449,8541,489,0,489,60444.0,60444.0,4399.0,1.0,0.022123428238063986,HDA,0,3606.0398564338684,3606.0398564338684,678,9,4693.225893751396,0.012331140746283227,10,3600.0831019878387
0,118,0,2447,4731,489,0,489,13404.0,13404.0,2999.0,1.0,0.0032903544699288013,HDA,0,13.664708614349365,13.664708614349365,774,2,3138.434068750019,1.673671718684443e-05,10,12.47776198387146
0,119,0,2432,8730,486,0,486,37408.0,37408.0,4789.0,1.0,0.08893756093179074,HDA,0,3603.596603155136,3603.596603155136,654,9,5044.341212500812,0.0536155613949861,10,3600.0965399742126
0,120,0,2558,13106,511,0,511,88441.0,88441.0,17373.0,1.0,0.9290605282221652,HDA,0,3610.2156133651733,3610.2156133651733,295,9,17807.5188875023,0.45412371485567277,6,3600.0543990135193
0,121,0,2547,37497,509,0,509,902005.0,902005.0,882788.0,1.0,0.9943251024249806,HDA,0,3717.6288623809814,3717.6288623809814,113,9,882870.1726750452,0.9998262181918663,2,3601.0593440532684
0,122,0,2561,13979,512,0,512,122830.0,122830.0,31596.0,1.0,0.960390358101513,HDA,0,3613.151210784912,3613.151210784912,178,9,32074.0935312529,0.46473640693382173,5,3600.0433809757233
1,0,0,2368,12297,473,0,473,143913.0,143913.0,26559.0,1.0,0.9665088754099183,HDA,0,3618.524176836014,3618.524176836014,216,9,27035.299543752382,0.5090848239754813,3,3600.05522608757
1,1,0,2508,9174,501,0,501,68785.0,68785.0,17037.0,1.0,0.9508042886785583,HDA,0,3607.7823741436005,3607.7823741436005,215,9,17342.143631251856,0.3156618299393282,7,3600.0368440151215
1,2,0,2320,7207,464,0,464,50696.0,50696.0,5749.0,1.0,0.4431301700901571,HDA,0,3606.1857748031616,3606.1857748031616,604,9,6025.60041250131,0.2061797668765468,10,3600.0357480049133
1,3,0,2505,11263,501,0,501,99383.0,99383.0,21399.0,1.0,0.9732292778397275,HDA,0,3612.3264236450195,3612.3264236450195,199,9,21804.387493752514,0.40453130933652276,5,3600.0441279411316
1,4,0,2363,8845,472,0,472,46289.0,46289.0,8706.0,1.0,0.8930472665004658,HDA,0,3605.626467227936,3605.626467227936,368,9,8987.851231251698,0.15556292093769253,8,3600.0259330272675
1,5,0,2387,8736,477,0,477,48520.0,48520.0,9119.0,1.0,0.9089866408497638,HDA,0,3605.8289198875427,3605.8289198875427,374,9,9397.95369375182,0.17410638782180388,8,3600.028820037842
1,6,0,2360,9149,472,0,472,47885.0,47885.0,8685.0,1.0,0.905928049185776,HDA,0,3605.758070707321,3605.758070707321,375,9,8970.28406875179,0.16611252579771033,9,3600.0248651504517
1,7,0,2363,7725,472,0,472,43334.0,43334.0,6451.0,1.0,0.8178590315026063,HDA,0,3606.7159299850464,3606.7159299850464,483,9,6689.946400001098,0.11529770893675298,10,3600.083378791809
1,8,0,2513,22460,502,0,502,442165.0,442165.0,32903.0,1.0,0.981189527251856,HDA,0,3659.4805102348328,3659.4805102348328,181,9,34131.16203115885,0.49571898579370555,3,3600.209175825119
1,9,0,2513,9196,502,0,502,67620.0,67620.0,13327.0,1.0,0.957693877702487,HDA,0,3606.391369342804,3606.391369342804,277,9,13632.318306252695,0.2993087817140772,9,3600.0270190238953
1,10,0,2512,10649,502,0,502,91451.0,91451.0,20634.0,1.0,0.8632071102922422,HDA,0,3610.0639309883118,3610.0639309883118,194,9,21009.110612502154,0.38284442491229576,6,3600.041620016098
1,11,0,2513,13393,502,0,502,145076.0,145076.0,27659.0,1.0,0.971361491894085,HDA,0,3619.953341960907,3619.953341960907,180,9,28194.793806253474,0.462639640001084,4,3600.056473016739
1,12,0,2504,9289,500,0,500,74711.0,74711.0,60075.0,1.0,0.9357531637194336,HDA,0,3614.768942117691,3614.768942117691,283,9,60188.63357499521,0.998778656128499,2,3606.3586280345917
1,13,0,2511,14394,502,0,502,99630.0,99630.0,21215.0,1.0,0.8093955685471157,HDA,0,3613.062165260315,3613.062165260315,277,9,21762.577993753228,0.36867323913558725,7,3600.039006948471
1,14,0,2366,11235,473,0,473,108677.0,108677.0,25388.0,1.0,0.977932496378669,HDA,0,3613.2903690338135,3613.2903690338135,166,9,25801.480925002514,0.4386647314160081,5,3600.0560550689697
1,15,0,2368,11918,473,0,473,131196.0,131196.0,28772.0,1.0,0.961331018937737,HDA,0,3617.115632534027,3617.115632534027,160,9,29239.543537502996,0.45718279638890785,4,3600.0621750354767
1,16,0,2513,9986,502,0,502,79135.0,79135.0,19889.0,1.0,0.976269819475472,HDA,0,3608.852513074875,3608.852513074875,218,9,20227.931287502135,0.35476553408287265,6,3600.0408651828766
1,17,0,2513,13972,502,0,502,165240.0,165240.0,28719.0,1.0,0.9811900220429429,HDA,0,3621.113591194153,3621.113591194153,185,9,29267.391812503665,0.4245779001821975,3,3600.0702550411224
1,18,0,2308,12505,461,0,461,146473.0,146473.0,31224.0,1.0,0.9848960071704225,HDA,0,3618.7943756580353,3618.7943756580353,134,9,31723.683343752877,0.4787018435118886,4,3600.058862924576
1,19,0,2368,9876,473,0,473,76636.0,76636.0,19878.0,1.0,0.9408012526712601,HDA,0,3608.6130068302155,3608.6130068302155,238,9,20218.67703750208,0.3868373661549257,5,3600.093512773514
1,20,0,2513,12864,502,0,502,132201.0,132201.0,29505.0,1.0,0.9625586636682327,HDA,0,3617.289434194565,3617.289434194565,191,9,30000.246643753144,0.516741637466038,4,3600.0586969852448
1,21,0,2371,11353,474,0,474,107741.0,107741.0,30205.0,1.0,0.9863375216030641,HDA,0,3613.248720407486,3613.248720407486,148,9,30614.24965000301,0.5060253379304678,4,3600.0647089481354
1,22,0,2512,14029,502,0,502,154571.0,154571.0,32393.0,1.0,0.9900725342922025,HDA,0,3619.6111764907837,3619.6111764907837,137,9,32941.29539999023,0.5003185586423413,3,3600.0583691596985
1,23,0,2508,10123,501,0,501,82801.0,82801.0,21397.0,1.0,0.9683614825677427,HDA,0,3609.246561050415,3609.246561050415,164,9,21742.365706252112,0.34872188967528933,5,3600.0481259822845
1,24,0,2451,10986,490,0,490,102232.0,102232.0,24510.0,1.0,0.9172688861368107,HDA,0,3612.61026096344,3612.61026096344,130,9,24904.11755000247,0.3892353779845233,5,3600.0430929660797
1,25,0,2370,10540,474,0,474,80817.0,80817.0,18013.0,1.0,0.8440087728087461,HDA,0,3609.2160482406616,3609.2160482406616,326,9,18361.60683125174,0.47770701528158427,6,3600.095803976059
1,26,0,2513,14824,502,0,502,184655.0,184655.0,22913.0,1.0,0.953798387475848,HDA,0,3625.0545518398285,3625.0545518398285,182,9,23502.605712503457,0.37035666367263254,3,3600.0899930000305
1,27,0,2336,9817,467,0,467,72702.0,72702.0,14274.0,1.0,0.858806424670294,HDA,0,3608.382613658905,3608.382613658905,395,9,14604.885968752902,0.433052415709266,7,3600.0287370681763
1,28,0,2391,10845,478,0,478,114902.0,114902.0,14678.0,1.0,0.9201390179940377,HDA,0,3615.4232518672943,3615.4232518672943,264,9,15112.013431255247,0.2785245082266167,5,3600.0655450820923
1,29,0,2351,10061,470,0,470,53336.0,53336.0,8619.0,1.0,0.8139434660151346,HDA,0,3606.673913002014,3606.673913002014,442,9,8998.367837501928,0.2134079310585451,9,3600.0314469337463
1,30,0,2361,8004,472,0,472,68456.0,68456.0,5568.0,1.0,0.757540309194175,HDA,0,3609.4899163246155,3609.4899163246155,518,9,5868.174931251842,0.05470944487664583,10,3600.031804084778
1,31,0,2513,9880,502,0,502,77291.0,77291.0,15021.0,1.0,0.9373668702731989,HDA,0,3610.090334415436,3610.090334415436,287,9,15359.568050003118,0.358901423171366,7,3600.029760837555
1,32,0,2412,8304,482,0,482,38830.0,38830.0,6609.0,1.0,0.8487519372973727,HDA,0,3603.6345038414,3603.6345038414,441,9,6860.794275001035,0.024982084663852214,10,3600.076852798462
1,33,0,2408,9806,481,0,481,55661.0,55661.0,8696.0,1.0,0.7643020077049051,HDA,0,3608.0102124214172,3608.0102124214172,417,9,9010.944218752215,0.19236982607681838,8,3600.0267798900604
1,34,0,2403,8566,480,0,480,43889.0,43889.0,6390.0,1.0,0.8664969699724513,HDA,0,3605.4974212646484,3605.4974212646484,441,9,6653.330100001187,0.03202288705818604,10,3600.095857858658
1,35,0,2508,22103,501,0,501,448068.0,448068.0,32560.0,1.0,0.951762549918754,HDA,0,3660.5774540901184,3660.5774540901184,276,9,33870.22478117304,0.6493345431306091,4,3600.1656210422516
1,36,0,2402,7622,480,0,480,35470.0,35470.0,5708.0,1.0,0.7587527307848355,HDA,0,3603.3029878139496,3603.3029878139496,501,9,5938.775712500908,0.015327432811649628,10,3600.065442085266
2,0,0,2504,10942,500,0,500,94841.0,94841.0,23155.0,1.0,0.9860737835362724,HDA,0,3610.681380033493,3610.681380033493,140,9,23533.681868752243,0.3261418381801729,6,3600.039500951767
2,1,0,2350,21749,470,0,470,125047.0,125047.0,110029.0,1.0,0.9011716039187864,HDA,0,3630.211457014084,3630.211457014084,546,9,110138.24862500574,0.9937634347982457,2,3608.189864873886
2,2,0,2362,12905,472,0,472,108930.0,108930.0,28153.0,1.0,0.9810392105786494,HDA,0,3613.610745191574,3613.610745191574,237,9,28613.12257500271,0.5055695069317436,6,3600.0460069179535
2,2,1,116,411,23,0,23,2354.0,2354.0,574.0,1.0,0.9572230014025246,HDA,0,16.88337779045105,16.88337779045105,16,2,588.313612499996,0.0,6,16.67470383644104
2,3,0,2499,10203,499,0,499,72476.0,72476.0,15030.0,1.0,0.933152076038019,HDA,0,3609.5748550891876,3609.5748550891876,328,9,15364.099975002824,0.37929199350698656,7,3600.0334300994873
2,4,0,2504,13783,500,0,500,178544.0,178544.0,20733.0,1.0,0.9371357135952757,HDA,0,3622.6452453136444,3622.6452453136444,232,9,21384.978450004746,0.33370216791417573,3,3600.093358039856
2,5,0,2395,9194,479,0,479,74704.0,74704.0,16227.0,1.0,0.9115989032852385,HDA,0,3608.5035462379456,3608.5035462379456,261,9,16547.532225002178,0.36370093077799615,6,3600.0459611415863
2,6,0,2504,9210,500,0,500,61593.0,61593.0,16826.0,1.0,0.7486474878500612,HDA,0,3608.404262781143,3608.404262781143,275,9,17112.11211250177,0.33062467162927406,5,3600.029860973358
2,7,0,2349,7271,469,0,469,36270.0,36270.0,5974.0,1.0,0.745793371304338,HDA,0,3603.4240550994873,3603.4240550994873,479,9,6194.646231250912,0.05356496182610163,10,3600.0998780727386
2,8,0,2367,9597,473,0,473,67478.0,67478.0,13343.0,1.0,0.8824603064365966,HDA,0,3609.144668340683,3609.144668340683,341,9,13669.256625002632,0.4308638203223173,7,3600.033788919449
2,9,0,2502,18799,500,0,500,316282.0,316282.0,16930.0,1.0,0.948728432986304,HDA,0,3643.2988035678864,3643.2988035678864,286,9,17861.457231254324,0.3455681250441153,4,3600.126482963562
2,10,0,2333,8843,466,0,466,80610.0,80610.0,9684.0,1.0,0.8098571052137566,HDA,0,3610.5908195972443,3610.5908195972443,494,9,10017.950762503677,0.38336436491705883,7,3600.065196990967
2,11,0,2504,10426,500,0,500,84594.0,84594.0,20115.0,1.0,0.9811246204545477,HDA,0,3609.4560787677765,3609.4560787677765,158,9,20470.939068752097,0.36131936908281675,6,3600.042051076889
2,12,0,2345,7443,469,0,469,54362.0,54362.0,8615.0,1.0,0.7888625444207534,HDA,0,3607.775750875473,3607.775750875473,482,9,8875.988125002274,0.3177783749916256,8,3600.056535959244
2,13,0,2504,10096,500,0,500,77099.0,77099.0,17823.0,1.0,0.9634186444883572,HDA,0,3608.58505487442,3608.58505487442,188,9,18160.40102500198,0.30743915357285706,7,3600.0322802066803
2,14,0,2349,8730,469,0,469,70181.0,70181.0,17160.0,1.0,0.9599787120808941,HDA,0,3613.22234416008,3613.22234416008,262,9,17458.7342187518,0.3619888535868165,7,3604.079393863678
2,15,0,2339,7743,467,0,467,47954.0,47954.0,10119.0,1.0,0.807521573088115,HDA,0,3605.793766260147,3605.793766260147,439,9,10373.45338125178,0.3660018916880234,9,3600.028431892395
2,16,1,2492,10466,498,0,498,77779.0,77779.0,19019.0,1.0,0.9662127375603982,HDA,0,3609.995592355728,3609.995592355728,154,9,19358.165631251894,0.32281526391506776,6,3600.042587041855
2,17,0,2430,9471,486,0,486,64207.0,64207.0,11426.0,1.0,0.8890932735217061,HDA,0,3608.7589633464813,3608.7589633464813,378,9,11734.583981252596,0.3213042854589645,9,3600.033700942993
2,18,0,2499,13511,499,0,499,163597.0,163597.0,19910.0,1.0,0.9850530265132567,HDA,0,3621.0212247371674,3621.0212247371674,203,9,20490.652762504644,0.334136443687781,3,3600.0653851032257
2,19,0,2398,7553,479,0,479,38736.0,38736.0,5808.0,1.0,0.8241263344818649,HDA,0,3604.9365413188934,3604.9365413188934,453,9,6049.4588937509825,0.006186527314701192,10,3600.0394909381866
2,20,0,2482,8434,496,0,496,42183.0,42183.0,7445.0,1.0,0.8980282633345256,HDA,0,3605.2676317691803,3605.2676317691803,389,9,7709.556156251086,0.06587568496906475,7,3600.0202448368073
2,21,0,2494,10498,498,0,498,85936.0,85936.0,21455.0,1.0,0.9741191656495949,HDA,0,3610.864501953125,3610.864501953125,135,9,21809.73222500207,0.35512613210071126,5,3600.0445058345795
2,22,0,2353,7424,470,0,470,46776.0,46776.0,9147.0,1.0,0.9016582736188155,HDA,0,3605.6957182884216,3605.6957182884216,403,9,9390.738112501796,0.2634203107627718,8,3600.0302081108093
2,23,0,2395,7953,479,0,479,38633.0,38633.0,5549.0,1.0,0.7039911259859258,HDA,0,3603.589138031006,3603.589138031006,460,9,5795.263781251024,0.016409725191658057,10,3600.0410339832306
2,24,0,2412,7086,482,0,482,32783.0,32783.0,5688.0,1.0,0.7499410416952057,HDA,0,3604.358608484268,3604.358608484268,456,9,5909.285168750819,0.009624134385919275,10,3600.082669019699
2,25,0,2504,12406,500,0,500,119024.0,119024.0,28060.0,1.0,0.9702801087789473,HDA,0,3615.6900799274445,3615.6900799274445,173,9,28516.189593752875,0.4800902632517425,6,3600.0647571086884
2,26,0,2308,5057,461,0,461,18201.0,18201.0,3818.0,1.0,0.1441545864248839,HDA,0,354.299604177475,354.299604177475,623,2,3975.7950000000155,0.0,10,352.7140460014343
2,27,0,2349,9028,469,0,469,56085.0,56085.0,11411.0,1.0,0.9024990658226988,HDA,0,3606.7112810611725,3606.7112810611725,358,9,11702.645400002126,0.34215502383792673,6,3600.02707695961
2,28,0,2349,4695,469,0,469,17395.0,17395.0,3411.0,1.0,0.016344139594397202,HDA,0,10.893836975097656,10.893836975097656,707,2,3564.4599125000204,3.100150064190409e-14,10,8.093125104904175
2,29,0,2504,31833,500,0,500,673035.0,673035.0,136447.0,1.0,0.9141118661329364,HDA,0,3690.7557027339935,3690.7557027339935,207,9,138186.25043695088,0.6394592885045183,4,3600.3897240161896
2,30,0,2363,7392,472,0,472,36092.0,36092.0,6867.0,1.0,0.8516280123895142,HDA,0,3603.2505049705505,3603.2505049705505,409,9,7106.815406250862,0.061992545079474784,10,3600.0203609466553
3,0,0,2420,12112,484,0,484,109109.0,109109.0,33225.0,1.0,0.619660665855169,HDA,0,3611.9793207645416,3611.9793207645416,91,9,33633.61042497905,0.445725062104396,4,3600.0381598472595
3,1,0,2420,14205,484,0,484,151045.0,151045.0,45860.0,1.0,0.9979344181775471,HDA,0,3617.584421157837,3617.584421157837,42,9,46360.04461872095,0.4649631128459425,4,3600.0738949775696
3,2,0,2273,11193,454,0,454,96080.0,96080.0,32860.0,1.0,0.9803074864935641,HDA,0,3613.1153416633606,3613.1153416633606,118,9,33219.16583123611,0.40707486330467163,5,3600.0406489372253
3,3,0,2420,19387,484,0,484,327870.0,327870.0,36182.0,1.0,0.9845601896341855,HDA,0,3644.3230180740356,3644.3230180740356,146,9,37190.76818742636,0.6056439243721369,4,3600.1089720726013
3,4,0,2408,11767,481,0,481,87257.0,87257.0,18948.0,1.0,0.9886140062434627,HDA,0,3608.4202535152435,3608.4202535152435,155,9,19340.77728750227,0.38615896852179515,8,3600.031285047531
3,5,0,2278,10009,455,0,455,75275.0,75275.0,22015.0,1.0,0.9836074359040748,HDA,0,3609.852479457855,3609.852479457855,263,9,22331.71671875186,0.5548985094701469,5,3600.0320949554443
3,6,0,2325,9145,465,0,465,58105.0,58105.0,12004.0,1.0,0.9669367852990681,HDA,0,3606.7764010429382,3606.7764010429382,213,9,12305.217731252178,0.17122823535045878,7,3600.0365250110626
3,7,0,2293,13063,458,0,458,154755.0,154755.0,20121.0,1.0,0.9793955529671152,HDA,0,3620.3374514579773,3620.3374514579773,193,9,20659.49942500338,0.3311298714939436,6,3600.0732519626617
3,8,0,2271,7783,454,0,454,51181.0,51181.0,13768.0,1.0,0.9223207640032101,HDA,0,3607.220756292343,3607.220756292343,282,9,14019.184406251752,0.28576635605705514,5,3601.2038021087646
3,9,0,2272,9420,454,0,454,84121.0,84121.0,18391.0,1.0,0.959706427439662,HDA,0,3610.769016981125,3610.769016981125,235,9,18736.212837502004,0.4090624972851046,5,3600.0400390625
3,10,0,2420,12797,484,0,484,136580.0,136580.0,30876.0,1.0,0.9876390757468981,HDA,0,3617.521025657654,3617.521025657654,99,9,31371.092781253414,0.39847991676288913,4,3600.0689799785614
3,11,0,2414,10792,482,0,482,71320.0,71320.0,17621.0,1.0,0.9763282522384588,HDA,0,3608.082749605179,3608.082749605179,137,9,17962.733318752063,0.31225514539450705,8,3600.027131795883
3,12,0,2420,16501,484,0,484,273675.0,273675.0,28320.0,1.0,0.9948400495440665,HDA,0,3635.019302368164,3635.019302368164,112,9,29099.178293753106,0.4748453819460709,3,3600.1318969726562
3,13,0,2281,9238,456,0,456,61901.0,61901.0,15274.0,1.0,0.6977499399182888,HDA,0,3608.4679625034332,3608.4679625034332,215,9,15572.03293750222,0.3713685870787547,9,3600.0277738571167
3,14,0,2282,12593,456,0,456,137786.0,137786.0,28534.0,1.0,0.9836366637158848,HDA,0,3616.5817658901215,3616.5817658901215,117,9,29032.197350003444,0.31304577777092124,4,3600.1530418395996
